iteration,class,top,left,bottom,right,center_x,center_y
1,mario,41.59,192.99,53.79,207.51,200.25,47.69
2,mario,41.59,192.99,53.79,207.51,200.25,47.69
3,mario,40.22,188.42,55.22,203.61,196.015,47.72
4,mario,40.19,183.1,54.87,198.56,190.82999999999998,47.53
5,mario,40.15,179.08,55.09,194.23,186.655,47.620000000000005
6,mario,40.14,173.98,54.87,189.23,181.605,47.504999999999995
7,mario,41.1,170.16,56.03,185.1,177.63,48.565
8,mario,41.15,167.23,56.15,182.21,174.72,48.65
9,mario,41.32,163.16,56.13,178.61,170.885,48.725
10,mario,41.03,161.22,56.32,176.51,168.865,48.675
11,mario,42.13,159.04,57.29,174.58,166.81,49.71
12,mario,42.18,158.11,57.46,173.72,165.91500000000002,49.82
13,mario,42.12,157.18,57.36,172.86,165.02,49.739999999999995
14,mario,43.19,157.31,58.48,172.8,165.055,50.834999999999994
15,mario,43.13,158.2,58.35,173.81,166.005,50.74
16,mario,43.99,159.07,59.22,174.67,166.87,51.605000000000004
17,mario,43.99,161.2,59.35,176.67,168.935,51.67
18,mario,45.16,164.22,60.33,179.46,171.84,52.745
19,mario,45.0,167.25,60.22,182.23,174.74,52.61
20,mario,46.13,171.18,61.24,186.07,178.625,53.685
21,mario,47.14,176.12,61.99,191.12,183.62,54.565
22,mario,47.15,180.97,61.95,196.25,188.61,54.55
23,mario,48.04,186.26,62.99,201.57,193.915,55.515
24,mario,49.52,191.75,64.21,206.74,199.245,56.864999999999995
25,mario,51.49,193.95,62.87,207.22,200.58499999999998,57.18
26,mario,50.12,188.31,65.1,203.61,195.96,57.61
27,mario,50.96,183.14,65.92,198.19,190.665,58.44
28,mario,52.21,179.15,67.06,194.31,186.73000000000002,59.635000000000005
29,mario,53.32,176.25,68.17,191.12,183.685,60.745000000000005
30,mario,54.42,173.22,69.12,188.41,180.815,61.77
31,mario,55.26,171.09,70.37,186.64,178.865,62.815
32,mario,56.17,170.32,71.29,185.69,178.005,63.730000000000004
33,mario,57.08,169.16,72.12,184.67,176.915,64.6
34,mario,58.14,169.16,73.08,184.7,176.93,65.61
35,mario,60.24,170.22,75.18,185.73,177.975,67.71000000000001
36,mario,61.28,171.11,76.38,186.8,178.955,68.83
37,mario,62.25,173.21,77.29,188.86,181.03500000000003,69.77000000000001
38,mario,63.09,176.29,78.11,191.6,183.945,70.6
39,mario,65.21,179.19,80.07,194.7,186.945,72.63999999999999
40,mario,66.34,183.32,81.07,198.23,190.77499999999998,73.705
41,mario,68.49,187.2,83.36,202.11,194.655,75.925
42,mario,73.33,193.55,83.98,206.96,200.255,78.655
43,mario,72.28,192.34,84.83,207.0,199.67000000000002,78.555
44,mario,73.49,188.24,88.04,203.45,195.845,80.765
45,mario,74.23,183.25,89.23,198.32,190.785,81.73
46,mario,76.22,179.22,91.03,194.7,186.95999999999998,83.625
47,mario,77.22,175.15,91.97,190.63,182.89,84.595
48,mario,79.21,171.16,94.08,186.66,178.91,86.645
49,mario,80.27,169.2,94.95,184.65,176.925,87.61
50,mario,81.28,166.15,96.04,181.72,173.935,88.66
51,mario,82.23,165.12,97.11,180.65,172.885,89.67
51,box,253.61,144.35,255.93,158.97,151.66,254.77
52,mario,83.21,164.27,98.16,179.7,171.985,90.685
52,box,252.59,144.25,256.0,158.85,151.55,254.29500000000002
53,mario,83.22,163.23,97.97,178.69,170.95999999999998,90.595
53,box,251.64,144.09,256.0,158.89,151.49,253.82
54,mario,84.17,163.19,99.01,178.75,170.97,91.59
54,box,250.64,144.03,255.99,159.04,151.535,253.315
55,mario,85.12,164.31,100.11,179.66,171.985,92.61500000000001
55,box,249.7,143.96,256.0,159.07,151.515,252.85
56,mario,86.25,165.14,101.18,180.69,172.915,93.715
56,box,248.79,143.95,256.0,159.08,151.515,252.39499999999998
57,mario,86.23,167.27,101.12,182.67,174.97,93.67500000000001
57,box,247.74,144.01,255.92,159.05,151.53,251.82999999999998
58,mario,87.19,169.17,101.96,184.62,176.89499999999998,94.57499999999999
58,box,246.5,144.04,255.94,159.0,151.51999999999998,251.22
59,mario,88.22,172.22,103.15,187.62,179.92000000000002,95.685
59,box,245.53,144.05,255.88,158.99,151.52,250.70499999999998
60,mario,89.2,175.15,104.09,190.57,182.86,96.64500000000001
60,box,244.55,144.03,255.93,158.99,151.51,250.24
61,box,243.63,144.03,255.95,159.0,151.515,249.79
61,mario,89.17,179.2,104.05,194.63,186.915,96.61
62,box,242.54,144.04,255.92,159.08,151.56,249.23
62,mario,90.16,184.19,105.27,199.31,191.75,97.715
63,box,241.56,144.04,255.94,159.1,151.57,248.75
63,mario,91.36,189.31,106.32,204.65,196.98000000000002,98.84
64,box,240.75,144.04,255.97,159.09,151.565,248.36
64,mario,94.5,193.5,105.9,207.06,200.28,100.2
65,box,239.65,144.05,255.55,159.08,151.565,247.60000000000002
65,mario,92.49,192.5,105.96,206.87,199.685,99.225
66,mario,93.27,188.21,108.13,203.54,195.875,100.69999999999999
66,box,238.61,144.06,253.97,159.03,151.54500000000002,246.29000000000002
67,box,237.62,144.02,253.02,159.09,151.555,245.32
67,mario,94.16,183.25,109.22,198.44,190.845,101.69
68,box,236.53,144.03,252.11,159.08,151.555,244.32
68,mario,95.11,179.24,110.02,194.61,186.925,102.565
69,box,235.63,144.06,250.9,159.04,151.55,243.265
69,mario,95.12,176.31,110.03,191.62,183.965,102.575
70,box,234.6,144.03,249.99,159.11,151.57,242.29500000000002
70,mario,96.13,173.25,111.05,188.73,180.99,103.59
71,box,233.57,144.03,249.03,159.07,151.55,241.3
71,mario,97.11,170.15,112.15,185.73,177.94,104.63
72,box,232.67,144.05,247.95,159.07,151.56,240.31
72,mario,98.1,168.24,113.06,183.61,175.925,105.58
73,box,231.48,144.08,247.02,159.09,151.585,239.25
73,mario,98.04,167.29,113.03,182.67,174.98,105.535
74,box,230.35,144.09,246.06,159.05,151.57,238.20499999999998
74,mario,99.18,166.2,113.9,181.69,173.945,106.54
75,box,229.29,144.1,245.0,159.04,151.57,237.14499999999998
75,mario,100.12,166.19,115.02,181.74,173.965,107.57
76,box,228.39,144.08,244.03,159.09,151.585,236.20999999999998
76,mario,100.04,167.17,115.26,182.73,174.95,107.65
77,mario,101.06,168.3,116.19,183.59,175.945,108.625
77,box,227.43,144.09,243.02,159.05,151.57,235.22500000000002
78,box,226.38,144.09,242.09,159.06,151.575,234.235
78,mario,102.12,169.23,117.03,184.68,176.95499999999998,109.575
79,box,225.36,144.08,241.04,159.1,151.59,233.2
79,mario,102.11,172.2,117.03,187.7,179.95,109.57
80,box,224.46,144.09,239.98,159.06,151.575,232.22
80,mario,103.03,174.16,118.18,189.74,181.95,110.605
81,box,224.21,143.99,239.05,159.02,151.505,231.63
81,mario,104.13,177.3,119.14,192.48,184.89,111.63499999999999
82,box,223.1,144.0,238.08,158.95,151.475,230.59
82,mario,105.15,181.21,120.06,196.56,188.885,112.605
83,box,222.22,144.0,237.08,159.01,151.505,229.65
83,mario,105.24,186.25,120.0,201.61,193.93,112.62
84,mario,106.23,191.12,121.26,206.26,198.69,113.745
84,box,221.19,143.99,236.12,159.01,151.5,228.655
85,box,220.31,143.99,235.05,158.95,151.47,227.68
85,mario,109.3,193.63,121.1,206.84,200.235,115.19999999999999
86,box,219.19,143.98,234.02,159.02,151.5,226.60500000000002
86,mario,108.19,192.53,121.88,207.0,199.765,115.035
87,box,218.09,144.01,233.12,159.01,151.51,225.60500000000002
87,mario,110.02,192.49,121.85,207.37,199.93,115.935
88,box,217.31,144.0,232.07,158.97,151.485,224.69
88,mario,111.21,192.39,122.77,206.94,199.665,116.99
89,box,215.48,144.08,231.03,159.09,151.585,223.255
89,mario,109.67,187.92,124.79,203.96,195.94,117.23
90,mario,111.25,183.0,125.82,198.72,190.86,118.535
90,box,214.38,144.09,230.06,159.06,151.575,222.22
91,mario,111.21,178.93,125.91,194.77,186.85000000000002,118.56
91,box,213.35,144.1,229.02,159.05,151.575,221.185
92,box,212.39,144.08,228.03,159.1,151.59,220.20999999999998
92,mario,111.68,174.84,126.72,190.73,182.785,119.2
93,box,210.33,144.09,226.07,159.07,151.57999999999998,218.2
93,mario,111.63,170.74,126.67,186.75,178.745,119.15
94,box,209.38,144.09,225.04,159.09,151.59,217.20999999999998
94,mario,111.41,168.74,126.73,184.77,176.755,119.07
95,mario,111.3,165.69,126.75,181.81,173.75,119.025
95,box,207.52,144.09,223.1,159.06,151.575,215.31
96,box,205.35,144.09,220.94,159.06,151.575,213.14499999999998
96,mario,111.27,164.82,126.66,180.76,172.79,118.965
97,box,203.6,144.06,218.93,159.05,151.555,211.265
97,mario,111.32,163.88,126.58,179.79,171.83499999999998,118.94999999999999
98,box,202.57,144.03,218.0,159.11,151.57,210.285
98,mario,111.18,162.71,126.69,178.84,170.775,118.935
99,mario,111.2,162.71,126.69,178.84,170.775,118.945
99,box,200.65,144.05,215.95,159.07,151.56,208.3
100,box,198.54,144.03,213.98,159.08,151.555,206.26
100,mario,111.51,163.94,126.57,179.79,171.865,119.03999999999999
101,box,196.58,144.03,212.04,159.13,151.57999999999998,204.31
101,mario,111.64,164.87,126.65,180.76,172.815,119.14500000000001
102,box,195.61,144.03,211.0,159.07,151.55,203.305
102,mario,111.9,167.01,126.54,182.79,174.89999999999998,119.22
103,box,193.53,144.04,209.02,159.13,151.58499999999998,201.275
103,mario,111.82,168.76,126.71,184.76,176.76,119.26499999999999
104,box,191.5,144.04,207.04,159.09,151.565,199.26999999999998
104,mario,112.14,171.81,126.74,187.78,179.79500000000002,119.44
105,mario,112.14,174.88,126.74,190.77,182.825,119.44
105,box,190.52,144.06,205.97,159.03,151.54500000000002,198.245
106,mario,112.28,178.97,126.71,194.88,186.925,119.495
106,box,188.48,144.04,204.08,159.09,151.565,196.28
107,box,186.55,144.03,201.98,159.12,151.575,194.265
107,mario,112.31,184.06,125.3,199.2,191.63,118.805
108,box,184.64,144.06,199.94,159.07,151.565,192.29
108,mario,112.33,189.15,125.09,203.96,196.555,118.71000000000001
109,box,183.66,144.03,199.04,159.13,151.57999999999998,191.35
109,mario,114.15,192.48,125.82,206.96,199.72,119.985
109,box,247.61,144.26,256.0,159.03,151.64499999999998,251.805
110,box,181.55,144.05,197.0,159.09,151.57,189.275
110,mario,114.15,192.5,125.72,207.27,199.885,119.935
110,box,245.52,144.3,256.0,158.94,151.62,250.76
111,box,179.6,144.03,194.98,159.07,151.55,187.29
111,mario,114.78,193.09,125.15,207.73,200.41,119.965
111,box,243.5,144.33,256.0,158.91,151.62,249.75
112,box,177.53,144.04,193.02,159.13,151.58499999999998,185.275
112,mario,112.73,192.07,125.17,207.2,199.635,118.95
112,box,241.62,144.3,256.0,158.99,151.645,248.81
113,box,176.61,144.03,191.97,159.08,151.555,184.29000000000002
113,mario,112.1,188.21,126.77,203.18,195.695,119.435
113,box,240.57,144.33,256.0,159.0,151.66500000000002,248.285
114,mario,112.28,183.24,126.75,197.9,190.57,119.515
114,box,174.51,144.06,189.98,159.04,151.55,182.245
114,box,238.56,144.32,256.0,159.0,151.66,247.28
115,box,172.47,144.04,188.04,159.09,151.565,180.255
115,mario,112.33,179.16,126.64,194.34,186.75,119.485
115,box,236.39,144.27,255.96,159.0,151.635,246.175
116,mario,112.26,176.14,126.64,191.74,183.94,119.45
116,box,170.54,144.03,186.0,159.12,151.575,178.26999999999998
116,box,234.65,144.19,256.0,159.03,151.61,245.325
117,mario,112.21,173.14,126.68,188.82,180.98,119.445
117,box,169.49,144.04,185.03,159.09,151.565,177.26
117,goomba,253.18,192.69,255.88,208.4,200.54500000000002,254.53
117,box,233.26,144.22,256.0,159.04,151.63,244.63
118,box,167.61,144.03,183.01,159.14,151.58499999999998,175.31
118,mario,112.24,170.16,126.71,185.75,177.95499999999998,119.475
118,box,231.75,144.17,256.0,159.04,151.605,243.875
118,goomba,250.29,193.02,255.96,208.26,200.64,253.125
119,box,165.48,144.05,180.97,159.09,151.57,173.225
119,mario,112.25,168.08,126.81,183.79,175.935,119.53
119,box,229.26,144.09,255.99,159.07,151.57999999999998,242.625
119,goomba,248.04,192.42,256.0,208.23,200.325,252.01999999999998
120,box,163.54,144.03,178.98,159.08,151.555,171.26
120,mario,112.22,167.2,126.73,182.75,174.975,119.475
120,box,227.56,144.1,255.96,159.12,151.61,241.76
120,goomba,244.87,192.76,256.0,208.31,200.535,250.435
121,mario,112.29,166.06,126.56,181.76,173.91,119.42500000000001
121,box,162.3,144.09,178.08,159.08,151.585,170.19
121,box,226.74,144.1,255.98,159.11,151.60500000000002,241.36
121,goomba,244.07,192.77,256.0,208.19,200.48000000000002,250.035
122,mario,112.29,166.05,126.56,181.76,173.905,119.42500000000001
122,box,160.4,144.09,175.96,159.07,151.57999999999998,168.18
122,box,224.95,144.15,256.0,159.05,151.60000000000002,240.475
122,goomba,241.09,192.77,255.95,208.33,200.55,248.51999999999998
123,box,222.95,144.09,254.8,159.1,151.595,238.875
123,mario,112.22,167.18,126.73,182.78,174.98000000000002,119.475
123,goomba,238.14,192.81,253.1,208.4,200.60500000000002,245.62
123,box,158.37,144.11,174.02,159.0,151.555,166.195
124,box,220.84,144.1,256.0,159.09,151.595,238.42000000000002
124,box,156.41,144.09,172.11,159.08,151.585,164.26
124,mario,112.24,168.08,126.82,183.82,175.95,119.53
124,goomba,236.22,192.72,251.04,208.41,200.565,243.63
124,box,252.91,80.34,255.99,94.78,87.56,254.45
125,box,219.73,144.11,255.98,159.13,151.62,237.855
125,mario,112.28,169.04,126.56,184.75,176.89499999999998,119.42
125,box,155.39,144.11,170.98,159.02,151.565,163.185
125,goomba,234.19,192.7,249.02,208.35,200.52499999999998,241.60500000000002
125,box,251.74,80.19,256.0,94.86,87.525,253.87
126,box,153.37,144.09,169.04,159.08,151.585,161.20499999999998
126,mario,112.25,172.01,126.59,187.79,179.89999999999998,119.42
126,box,217.61,144.1,255.74,159.01,151.555,236.675
126,goomba,231.12,192.75,245.96,208.02,200.385,238.54000000000002
126,box,249.85,80.08,256.0,95.03,87.555,252.925
127,box,215.56,144.1,256.0,159.08,151.59,235.78
127,box,151.41,144.08,167.0,159.1,151.59,159.20499999999998
127,mario,112.13,174.09,126.77,189.89,181.99,119.44999999999999
127,box,247.97,80.05,255.9,95.0,87.525,251.935
127,goomba,229.21,192.75,243.95,208.01,200.38,236.57999999999998
128,box,214.54,144.12,256.0,159.09,151.60500000000002,235.26999999999998
128,box,150.34,144.09,166.04,159.07,151.57999999999998,158.19
128,mario,112.12,177.09,126.75,192.96,185.025,119.435
128,goomba,227.27,192.73,241.97,208.08,200.405,234.62
128,box,246.79,80.1,255.94,94.99,87.54499999999999,251.365
129,box,148.34,144.08,164.01,159.12,151.60000000000002,156.175
129,box,212.79,144.08,256.0,158.99,151.53500000000003,234.39499999999998
129,goomba,225.03,192.76,239.92,208.16,200.45999999999998,232.475
129,box,244.8,80.1,255.91,94.98,87.53999999999999,250.35500000000002
129,mario,112.34,181.11,126.73,196.89,189.0,119.535
130,box,146.3,144.1,162.05,159.08,151.59,154.175
130,box,210.97,144.05,256.0,159.01,151.53,233.485
130,box,242.9,80.09,255.97,95.05,87.57,249.435
130,goomba,222.04,192.77,236.96,208.31,200.54000000000002,229.5
130,mario,112.48,186.21,126.44,200.9,193.555,119.46000000000001
131,box,241.69,80.01,256.0,95.0,87.505,248.845
131,box,145.19,144.0,160.1,159.0,151.5,152.64499999999998
131,box,209.12,143.99,256.0,159.0,151.495,232.56
131,mario,112.86,191.24,126.87,206.94,199.09,119.86500000000001
131,goomba,219.07,192.7,233.94,208.48,200.58999999999997,226.505
132,box,240.61,80.0,255.82,95.0,87.5,248.215
132,box,144.24,143.99,159.07,159.01,151.5,151.655
132,goomba,218.14,192.61,232.88,208.34,200.47500000000002,225.51
132,box,208.47,143.98,255.97,159.01,151.495,232.22
132,mario,114.22,192.32,126.3,207.3,199.81,120.25999999999999
133,box,205.93,144.01,255.74,159.04,151.52499999999998,230.835
133,box,238.53,80.0,253.11,95.01,87.505,245.82
133,box,142.14,144.0,157.01,159.01,151.505,149.575
133,goomba,215.1,192.64,229.94,208.41,200.52499999999998,222.51999999999998
133,mario,112.12,192.08,125.28,207.61,199.84500000000003,118.7
134,box,204.04,144.0,255.91,159.09,151.54500000000002,229.975
134,box,236.7,80.0,251.01,94.98,87.49000000000001,243.855
134,box,140.11,144.0,155.03,158.96,151.48000000000002,147.57
134,goomba,212.08,192.71,226.94,208.52,200.615,219.51
134,mario,112.09,188.14,126.6,203.08,195.61,119.345
135,box,202.35,144.05,255.88,159.04,151.54500000000002,229.115
135,box,138.03,144.01,153.12,159.02,151.515,145.575
135,box,234.45,80.01,249.2,95.03,87.52000000000001,241.825
135,mario,112.3,183.21,126.8,198.34,190.775,119.55
135,goomba,210.19,192.75,224.88,208.44,200.595,217.535
136,box,201.54,144.05,255.84,159.04,151.54500000000002,228.69
136,mario,112.25,179.09,126.61,194.72,186.905,119.43
136,box,233.69,79.99,248.07,94.99,87.49,240.88
136,box,137.15,143.99,152.06,158.97,151.48000000000002,144.60500000000002
136,goomba,208.19,192.62,222.88,208.56,200.59,215.535
137,box,199.53,144.16,255.79,159.0,151.57999999999998,227.66
137,mario,112.15,176.11,126.64,191.85,183.98000000000002,119.39500000000001
137,box,134.37,144.08,149.99,159.09,151.585,142.18
137,box,230.67,80.1,246.08,95.07,87.585,238.375
137,goomba,206.16,192.82,221.06,208.17,200.495,213.61
138,box,132.4,144.08,148.02,159.13,151.60500000000002,140.21
138,mario,112.2,173.1,126.67,188.75,180.925,119.435
138,goomba,203.19,192.79,217.97,208.5,200.64499999999998,210.57999999999998
138,box,229.1,80.07,243.98,95.09,87.58,236.54
138,box,198.13,144.21,255.21,158.98,151.595,226.67000000000002
139,mario,112.21,170.09,126.72,185.74,177.91500000000002,119.465
139,box,194.88,144.16,255.69,159.0,151.57999999999998,225.285
139,box,130.29,144.09,146.07,159.09,151.59,138.18
139,box,227.03,80.1,242.12,95.1,87.6,234.575
139,goomba,200.13,192.77,214.99,208.68,200.72500000000002,207.56
140,box,129.33,144.08,145.01,159.13,151.60500000000002,137.17000000000002
140,mario,112.23,168.05,126.82,183.8,175.925,119.525
140,box,193.82,144.16,256.0,158.99,151.575,224.91
140,goomba,199.22,192.75,214.07,208.6,200.675,206.64499999999998
140,box,225.95,80.08,240.98,95.1,87.59,233.46499999999997
141,box,191.74,144.23,256.0,158.91,151.57,223.87
141,box,127.44,144.1,143.04,159.08,151.59,135.24
141,box,224.1,80.1,239.1,95.09,87.595,231.6
141,mario,112.19,167.19,126.74,182.75,174.97,119.465
141,goomba,196.12,192.78,211.02,208.53,200.655,203.57
142,mario,112.27,166.09,126.58,181.74,173.91500000000002,119.425
142,box,125.39,144.09,140.92,159.07,151.57999999999998,133.155
142,box,189.21,144.18,255.65,158.99,151.585,222.43
142,box,222.21,80.08,236.99,95.06,87.57,229.60000000000002
142,goomba,193.05,192.86,208.01,208.49,200.675,200.53
143,mario,112.27,166.08,126.58,181.75,173.91500000000002,119.425
143,box,187.74,144.19,255.69,158.99,151.59,221.715
143,box,123.42,144.1,138.97,159.01,151.555,131.195
143,box,219.95,80.11,234.97,95.05,87.58,227.45999999999998
143,goomba,191.13,192.83,205.84,208.6,200.715,198.485
144,box,122.38,144.07,137.94,159.1,151.58499999999998,130.16
144,box,218.81,80.08,233.99,95.08,87.58,226.4
144,mario,112.18,167.14,126.73,182.75,174.945,119.45500000000001
144,box,185.61,144.24,255.5,158.93,151.585,220.555
144,goomba,189.22,192.8,203.95,208.16,200.48000000000002,196.58499999999998
145,box,217.06,80.06,231.95,95.1,87.58,224.505
145,box,120.62,144.05,135.94,159.08,151.565,128.28
145,mario,112.22,168.02,126.8,183.81,175.91500000000002,119.50999999999999
145,goomba,187.07,192.82,201.89,208.42,200.62,194.48
145,box,183.75,144.24,255.25,158.87,151.555,219.5
146,mario,112.27,168.99,126.58,184.74,176.865,119.425
146,box,118.48,144.04,133.98,159.09,151.565,126.22999999999999
146,goomba,184.04,192.82,198.88,208.29,200.555,191.45999999999998
146,box,215.24,80.04,230.07,95.1,87.57,222.655
146,box,182.03,144.23,256.0,158.94,151.58499999999998,219.015
147,mario,112.24,171.95,126.6,187.78,179.865,119.41999999999999
147,box,116.5,144.03,132.0,159.17,151.6,124.25
147,goomba,180.99,192.86,195.95,208.37,200.615,188.47
147,box,213.19,80.02,227.97,95.14,87.58,220.57999999999998
147,box,180.22,144.27,256.0,158.9,151.585,218.11
148,box,115.54,144.03,130.92,159.1,151.565,123.22999999999999
148,box,212.26,80.03,227.0,95.09,87.56,219.63
148,mario,112.21,174.04,126.8,189.83,181.935,119.505
148,goomba,180.01,192.85,195.01,208.38,200.615,187.51
148,box,179.82,144.24,256.0,158.87,151.555,217.91
149,box,113.51,144.04,129.02,159.15,151.595,121.26500000000001
149,box,210.2,80.05,224.97,95.07,87.56,217.58499999999998
149,mario,112.21,177.02,126.76,192.79,184.905,119.485
149,goomba,177.07,192.88,192.0,208.39,200.635,184.535
149,box,177.11,144.23,256.0,158.8,151.515,216.555
150,box,111.48,144.04,127.05,159.1,151.57,119.265
150,box,207.99,80.05,223.1,95.11,87.58,215.54500000000002
150,goomba,174.1,192.88,188.9,208.32,200.6,181.5
150,mario,112.26,181.05,126.85,196.77,188.91000000000003,119.555
150,box,176.13,144.19,255.17,158.83,151.51,215.64999999999998
151,box,109.52,144.02,124.91,159.11,151.565,117.215
151,box,205.76,80.03,220.95,95.1,87.565,213.355
151,mario,112.25,186.19,126.78,201.39,193.79,119.515
151,goomba,172.2,192.9,186.91,208.47,200.685,179.555
151,box,173.32,144.23,253.85,158.8,151.515,213.58499999999998
152,mario,112.21,190.93,126.62,206.75,198.84,119.41499999999999
152,box,108.49,144.04,124.04,159.1,151.57,116.265
152,box,204.69,80.04,220.07,95.09,87.565,212.38
152,goomba,170.19,192.84,184.77,208.27,200.555,177.48000000000002
152,box,172.89,144.25,252.44,158.81,151.53,212.665
153,box,106.58,144.03,122.0,159.11,151.57,114.28999999999999
153,box,203.01,80.03,218.01,95.11,87.57,210.51
153,mario,114.2,193.53,125.07,207.25,200.39,119.63499999999999
153,box,170.02,144.24,251.01,158.75,151.495,210.515
153,goomba,168.14,192.95,182.91,208.18,200.565,175.52499999999998
154,box,104.66,144.06,119.96,159.08,151.57,112.31
154,box,201.09,80.06,215.96,95.09,87.575,208.525
154,mario,114.17,192.35,125.52,206.87,199.61,119.845
154,box,169.77,144.2,248.81,158.82,151.51,209.29000000000002
154,goomba,165.19,192.87,179.95,208.09,200.48000000000002,172.57
155,box,103.65,144.03,119.02,159.13,151.57999999999998,111.33500000000001
155,box,200.12,80.02,214.96,95.13,87.57499999999999,207.54000000000002
155,box,167.96,144.25,247.98,158.81,151.53,207.97
155,goomba,163.29,192.86,178.01,208.1,200.48000000000002,170.64999999999998
155,mario,114.14,192.35,125.56,206.85,199.6,119.85
156,box,101.52,144.05,116.98,159.09,151.57,109.25
156,box,198.07,80.06,212.98,95.11,87.58500000000001,205.52499999999998
156,mario,111.96,188.24,126.75,203.65,195.945,119.35499999999999
156,box,165.45,144.22,245.8,158.82,151.51999999999998,205.625
156,goomba,161.07,193.01,176.08,208.07,200.54,168.575
157,box,100.56,144.03,116.04,159.14,151.58499999999998,108.30000000000001
157,box,164.09,144.25,244.95,158.77,151.51,204.51999999999998
157,mario,112.23,183.23,126.67,198.26,190.745,119.45
157,goomba,159.18,192.93,173.89,208.05,200.49,166.535
157,box,197.08,80.02,212.0,95.13,87.57499999999999,204.54000000000002
158,mario,112.16,179.05,126.58,193.97,186.51,119.37
158,box,98.46,144.05,114.05,159.1,151.575,106.255
158,box,194.92,80.05,210.08,95.11,87.58,202.5
158,box,163.22,144.2,242.55,158.83,151.515,202.885
158,goomba,156.27,192.98,171.01,208.17,200.575,163.64
159,box,97.51,144.04,113.0,159.15,151.595,105.255
159,box,161.92,144.23,241.51,158.82,151.52499999999998,201.71499999999997
159,goomba,155.16,193.02,169.92,208.09,200.555,162.54
159,mario,112.19,175.01,126.8,190.13,182.57,119.495
159,box,193.74,80.04,209.0,95.14,87.59,201.37
160,box,191.79,80.05,207.05,95.1,87.57499999999999,199.42000000000002
160,box,95.54,144.04,111.02,159.11,151.575,103.28
160,box,159.84,144.24,239.41,158.81,151.525,199.625
160,mario,112.22,170.96,126.71,186.64,178.8,119.465
160,goomba,152.17,192.97,166.91,208.22,200.595,159.54
161,mario,112.17,168.94,126.77,184.74,176.84,119.47
161,box,190.85,80.06,205.94,95.05,87.555,198.39499999999998
161,box,94.57,144.06,109.96,159.04,151.55,102.26499999999999
161,goomba,151.24,192.89,165.86,208.62,200.755,158.55
161,box,158.13,144.23,238.86,158.78,151.505,198.495
162,mario,112.27,166.0,126.78,181.83,173.91500000000002,119.525
162,box,92.46,144.04,108.06,159.09,151.565,100.25999999999999
162,box,188.97,80.04,204.11,95.1,87.57,196.54000000000002
162,goomba,148.15,192.91,162.89,208.65,200.78,155.51999999999998
162,box,157.0,144.22,236.73,158.8,151.51,196.865
163,mario,112.28,165.0,126.71,180.79,172.89499999999998,119.495
163,box,91.57,144.05,106.92,159.05,151.55,99.245
163,box,156.28,144.21,235.69,158.82,151.515,195.985
163,box,188.1,80.06,202.93,95.08,87.57,195.515
163,goomba,146.21,192.95,160.82,209.12,201.035,153.515
164,box,89.54,144.04,104.97,159.09,151.565,97.255
164,box,186.07,80.04,201.03,95.09,87.565,193.55
164,goomba,144.25,192.86,158.83,208.98,200.92000000000002,151.54000000000002
164,mario,112.37,164.14,126.64,179.78,171.95999999999998,119.505
164,box,153.61,144.25,233.81,158.82,151.535,193.71
165,mario,112.29,162.99,126.73,178.83,170.91000000000003,119.51
165,box,87.66,144.03,103.0,159.14,151.58499999999998,95.33
165,box,184.22,80.02,198.99,95.12,87.57,191.60500000000002
165,goomba,141.2,192.84,155.73,208.91,200.875,148.46499999999997
165,box,151.11,144.24,232.02,158.76,151.5,191.565
166,mario,112.29,162.98,126.73,178.83,170.905,119.51
166,box,86.52,144.04,101.98,159.08,151.56,94.25
166,box,183.08,80.04,198.06,95.09,87.565,190.57
166,goomba,139.15,192.94,153.7,208.88,200.91,146.425
166,box,150.38,144.25,231.59,158.76,151.505,190.985
167,box,180.8,80.03,196.01,95.14,87.58500000000001,188.405
167,box,148.75,144.24,228.73,158.8,151.52,188.74
167,box,84.56,144.03,100.0,159.16,151.595,92.28
167,mario,112.29,164.13,126.64,179.76,171.945,119.465
167,goomba,137.14,192.99,151.81,208.91,200.95,144.475
168,box,178.77,80.05,194.04,95.1,87.57499999999999,186.405
168,box,82.53,144.05,98.02,159.1,151.575,90.275
168,goomba,134.14,192.91,148.84,208.77,200.84,141.49
168,box,146.77,144.23,226.61,158.81,151.51999999999998,186.69
168,mario,112.24,165.0,126.71,180.76,172.88,119.475
169,box,80.49,144.09,95.97,159.06,151.575,88.22999999999999
169,box,176.97,80.09,192.02,95.05,87.57,184.495
169,mario,112.34,167.16,126.61,182.77,174.965,119.475
169,goomba,132.2,193.03,146.95,208.53,200.78,139.575
169,box,143.91,144.23,225.39,158.74,151.485,184.64999999999998
170,mario,112.25,168.98,126.76,184.73,176.855,119.505
170,box,79.51,144.1,95.09,159.07,151.58499999999998,87.30000000000001
170,box,176.0,80.1,191.12,95.08,87.59,183.56
170,box,144.02,144.2,223.96,158.82,151.51,183.99
170,goomba,130.24,193.05,144.89,208.39,200.72,137.565
171,mario,112.27,172.02,126.77,187.66,179.84,119.52
171,box,77.35,144.09,92.9,159.07,151.57999999999998,85.125
171,box,173.81,80.09,188.93,95.06,87.575,181.37
171,box,141.05,144.23,222.35,158.79,151.51,181.7
171,goomba,127.13,193.01,141.9,208.32,200.665,134.515
172,mario,112.26,174.97,126.7,190.58,182.775,119.48
172,box,75.44,144.11,90.97,159.01,151.56,83.205
172,box,171.85,80.11,186.96,95.03,87.57,179.405
172,box,139.3,144.23,219.95,158.81,151.51999999999998,179.625
172,goomba,125.27,192.9,139.94,208.47,200.685,132.605
173,box,73.42,144.1,89.07,159.07,151.58499999999998,81.245
173,box,169.79,80.1,185.13,95.07,87.585,177.45999999999998
173,mario,112.31,179.08,126.6,194.27,186.675,119.455
173,goomba,122.23,192.99,137.03,208.8,200.895,129.63
173,box,137.81,144.22,217.82,158.82,151.51999999999998,177.815
174,box,72.46,144.11,87.98,159.04,151.575,80.22
174,box,168.7,80.11,183.98,95.05,87.58,176.33999999999997
174,box,137.43,144.19,216.95,158.84,151.515,177.19
174,goomba,120.94,193.37,134.94,208.6,200.985,127.94
174,mario,112.15,184.01,124.72,200.38,192.195,118.435
175,box,166.44,80.1,182.06,95.06,87.58,174.25
175,box,70.38,144.09,86.02,159.07,151.57999999999998,78.19999999999999
175,box,134.58,144.24,215.57,158.83,151.53500000000003,175.075
175,mario,111.73,190.24,132.76,206.54,198.39,122.245
176,box,164.79,80.08,180.01,95.09,87.58500000000001,172.39999999999998
176,mario,112.22,185.13,126.75,200.52,192.825,119.485
176,box,68.48,144.08,84.02,159.1,151.59,76.25
176,box,132.06,144.23,212.94,158.79,151.51,172.5
176,goomba,114.85,200.98,127.31,208.79,204.885,121.08
177,mario,112.32,181.93,126.83,197.84,189.885,119.57499999999999
177,box,163.55,79.99,178.1,95.02,87.505,170.825
177,box,67.27,143.99,82.09,159.01,151.5,74.68
177,box,130.87,144.17,211.3,158.84,151.505,171.085
177,goomba,113.64,202.15,128.35,208.33,205.24,120.995
178,mario,112.31,178.94,126.77,194.72,186.82999999999998,119.53999999999999
178,box,129.67,144.21,210.12,158.83,151.52,169.89499999999998
178,box,162.41,80.0,177.05,94.96,87.47999999999999,169.73000000000002
178,box,66.04,143.99,81.06,158.94,151.465,73.55000000000001
178,goomba,112.9,202.32,127.66,208.44,205.38,120.28
179,box,160.49,80.01,175.06,95.03,87.52000000000001,167.775
179,box,64.13,144.0,79.03,159.03,151.515,71.58
179,mario,112.3,177.03,126.72,192.63,184.82999999999998,119.50999999999999
179,box,127.46,144.22,207.77,158.83,151.525,167.615
179,goomba,110.96,202.35,125.72,208.36,205.35500000000002,118.34
180,mario,112.27,175.06,126.81,190.64,182.85,119.53999999999999
180,box,158.48,80.0,173.07,95.01,87.505,165.77499999999998
180,box,62.16,144.0,77.04,159.01,151.505,69.6
180,box,124.78,144.22,206.33,158.76,151.49,165.555
180,goomba,109.17,202.37,123.75,208.15,205.26,116.46000000000001
181,box,156.49,80.0,171.04,94.97,87.485,163.765
181,box,124.29,144.19,204.1,158.84,151.515,164.195
181,box,60.25,143.99,75.03,158.95,151.47,67.64
181,mario,112.25,173.95,126.79,189.56,181.755,119.52000000000001
181,goomba,106.9,202.39,122.02,208.54,205.46499999999997,114.46000000000001
181,pipe,251.8,175.93,255.94,207.27,191.60000000000002,253.87
182,box,122.43,144.2,203.31,158.8,151.5,162.87
182,box,155.32,79.99,170.0,95.02,87.505,162.66
182,box,59.14,143.99,74.01,159.02,151.505,66.575
182,mario,112.27,172.94,126.77,188.62,180.78,119.52
182,goomba,106.12,202.35,121.0,208.33,205.34,113.56
182,pipe,251.07,175.96,255.88,207.41,191.685,253.475
183,box,153.61,80.0,168.06,94.99,87.495,160.835
183,box,57.32,144.0,72.06,158.98,151.49,64.69
183,mario,112.28,172.99,126.73,188.58,180.78500000000003,119.505
183,box,120.79,144.22,200.86,158.81,151.515,160.82500000000002
183,goomba,103.96,202.32,119.17,208.52,205.42000000000002,111.565
183,pipe,248.81,175.97,255.83,207.0,191.485,252.32
184,pipe,246.86,175.98,255.88,207.43,191.70499999999998,251.37
184,mario,112.28,172.91,126.72,188.5,180.70499999999998,119.5
184,box,55.15,144.01,70.13,159.01,151.51,62.64
184,box,151.51,80.02,166.18,95.01,87.515,158.845
184,box,118.43,144.2,199.66,158.77,151.485,159.04500000000002
184,goomba,102.4,202.32,116.99,208.05,205.185,109.695
185,pipe,245.65,175.98,255.87,207.32,191.64999999999998,250.76
185,box,150.68,80.0,165.09,95.01,87.505,157.885
185,box,54.35,143.99,69.08,158.99,151.49,61.715
185,mario,112.27,174.05,126.74,189.36,181.705,119.505
185,goomba,100.77,202.38,116.16,208.39,205.385,108.465
185,box,117.85,144.16,199.32,158.77,151.465,158.58499999999998
186,box,115.63,144.19,196.56,158.8,151.495,156.095
186,box,52.15,144.02,67.05,159.01,151.515,59.599999999999994
186,box,148.64,80.01,163.09,95.02,87.515,155.865
186,mario,112.27,176.13,126.73,191.28,183.70499999999998,119.5
186,pipe,243.41,176.0,255.96,207.22,191.61,249.685
186,goomba,99.34,202.3,114.02,208.09,205.195,106.68
187,box,49.44,144.09,65.02,159.1,151.595,57.23
187,box,113.38,144.22,193.86,158.81,151.515,153.62
187,box,146.07,80.1,160.98,95.02,87.56,153.52499999999998
187,mario,112.35,178.14,126.74,193.15,185.64499999999998,119.54499999999999
187,goomba,97.02,202.39,112.05,208.36,205.375,104.535
187,pipe,241.83,175.98,255.74,207.23,191.605,248.78500000000003
188,box,143.99,80.1,159.13,95.09,87.595,151.56
188,box,47.55,144.09,63.09,159.07,151.57999999999998,55.32
188,mario,112.33,181.11,126.71,196.3,188.705,119.52
188,box,111.91,144.2,192.74,158.8,151.5,152.325
188,pipe,239.68,176.0,255.99,207.31,191.655,247.835
188,goomba,94.73,202.4,109.88,208.29,205.345,102.305
189,box,111.16,144.21,190.63,158.84,151.525,150.89499999999998
189,mario,112.26,184.06,126.78,199.28,191.67000000000002,119.52000000000001
189,box,142.55,80.11,158.01,95.0,87.555,150.28
189,goomba,93.86,202.38,109.05,208.56,205.47,101.455
189,pipe,238.73,175.99,255.92,207.21,191.60000000000002,247.325
189,box,46.38,144.08,62.02,159.1,151.59,54.2
190,box,140.61,80.1,156.11,95.07,87.585,148.36
190,box,44.45,144.09,60.09,159.07,151.57999999999998,52.27
190,mario,111.77,188.1,126.84,203.59,195.845,119.305
190,box,108.86,144.23,189.67,158.84,151.535,149.265
190,goomba,92.3,202.35,107.19,208.28,205.315,99.745
190,pipe,237.16,175.96,256.0,207.24,191.60000000000002,246.57999999999998
191,box,42.44,144.08,58.02,159.07,151.575,50.230000000000004
191,box,138.83,80.08,154.02,95.07,87.57499999999999,146.425
191,pipe,234.81,175.97,256.0,207.33,191.65,245.405
191,box,106.45,144.24,187.1,158.78,151.51,146.775
191,mario,114.25,192.43,125.93,206.64,199.535,120.09
191,goomba,90.05,202.33,105.1,208.39,205.36,97.57499999999999
192,pipe,233.64,175.97,256.0,207.29,191.63,244.82
192,box,41.43,144.09,57.1,159.06,151.575,49.265
192,box,137.8,80.1,153.12,95.07,87.585,145.46
192,mario,114.22,192.41,125.94,206.66,199.535,120.08
192,goomba,89.17,202.34,104.1,208.18,205.26,96.63499999999999
192,box,106.15,144.24,186.67,158.81,151.525,146.41
193,mario,112.08,188.01,126.86,203.74,195.875,119.47
193,box,39.67,144.03,55.02,159.13,151.57999999999998,47.345
193,box,136.07,80.02,150.96,95.12,87.57,143.515
193,box,103.98,144.23,183.91,158.8,151.515,143.945
193,pipe,231.72,175.96,256.0,207.34,191.65,243.86
193,goomba,86.94,202.36,102.23,208.55,205.455,94.58500000000001
194,pipe,229.59,176.07,256.0,207.29,191.68,242.79500000000002
194,box,37.57,144.05,52.97,159.09,151.57,45.269999999999996
194,box,134.09,80.06,148.98,95.11,87.58500000000001,141.535
194,mario,112.46,183.12,126.74,198.58,190.85000000000002,119.6
194,box,101.52,144.19,181.63,158.78,151.485,141.575
194,goomba,84.82,202.34,100.4,208.5,205.42000000000002,92.61
195,pipe,228.03,176.08,256.0,207.45,191.765,242.015
195,mario,112.27,179.03,126.79,194.65,186.84,119.53
195,box,35.64,144.03,50.98,159.07,151.55,43.31
195,box,132.19,80.03,147.04,95.08,87.555,139.615
195,box,99.13,144.22,180.42,158.73,151.475,139.77499999999998
195,goomba,83.27,202.3,98.1,208.15,205.22500000000002,90.685
196,pipe,226.84,176.09,256.0,207.45,191.76999999999998,241.42000000000002
196,box,34.52,144.05,50.06,159.09,151.57,42.290000000000006
196,box,99.12,144.18,178.54,158.82,151.5,138.82999999999998
196,box,130.98,80.05,146.08,95.11,87.58,138.53
196,mario,112.01,174.03,126.69,189.68,181.85500000000002,119.35
196,goomba,81.65,202.41,97.24,208.41,205.41,89.445
197,pipe,225.08,176.05,255.58,207.57,191.81,240.33
197,box,128.96,80.03,143.96,95.09,87.56,136.46
197,box,32.67,144.03,47.94,159.08,151.555,40.305
197,box,96.3,144.22,177.21,158.77,151.495,136.755
197,mario,111.53,171.0,126.69,186.65,178.825,119.11
197,goomba,80.21,202.27,95.22,208.29,205.28,87.715
198,pipe,222.88,176.06,254.36,207.45,191.755,238.62
198,box,127.1,80.06,141.93,95.07,87.565,134.515
198,box,94.02,144.19,174.92,158.77,151.48000000000002,134.47
198,box,30.6,144.06,45.96,159.03,151.54500000000002,38.28
198,mario,111.18,168.02,126.63,183.73,175.875,118.905
199,pipe,220.94,176.06,251.86,207.46,191.76,236.4
199,box,28.54,144.04,44.08,159.09,151.565,36.31
199,box,125.13,80.04,140.12,95.1,87.57,132.625
199,mario,111.16,165.14,126.64,180.71,172.925,118.9
199,box,92.74,144.19,173.76,158.75,151.47,133.25
200,pipe,219.77,176.1,251.04,207.45,191.77499999999998,235.405
200,mario,111.09,163.11,126.7,178.8,170.955,118.89500000000001
200,box,92.15,144.17,171.67,158.77,151.47,131.91
200,box,27.68,144.06,42.94,159.05,151.555,35.31
200,box,124.24,80.06,138.93,95.08,87.57,131.585
201,pipe,217.9,176.07,248.86,207.45,191.76,233.38
201,box,25.57,144.04,41.01,159.08,151.56,33.29
201,box,122.1,80.04,137.03,95.09,87.565,129.565
201,mario,111.22,161.2,126.64,176.79,168.995,118.93
201,box,89.7,144.22,169.72,158.76,151.49,129.71
202,pipe,216.7,176.09,248.06,207.49,191.79000000000002,232.38
202,box,24.68,144.06,39.94,159.07,151.565,32.31
202,box,121.2,80.06,135.95,95.09,87.575,128.575
202,box,88.43,144.18,168.91,158.74,151.46,128.67000000000002
202,mario,111.17,161.16,126.64,176.78,168.97,118.905
203,pipe,215.07,176.06,245.66,207.48,191.76999999999998,230.365
203,mario,111.25,159.98,126.66,175.82,167.89999999999998,118.955
203,box,22.58,144.04,38.01,159.08,151.56,30.294999999999998
203,box,119.11,80.04,134.06,95.09,87.565,126.58500000000001
203,box,86.37,144.22,167.42,158.7,151.45999999999998,126.895
204,pipe,213.74,176.08,244.89,207.48,191.78,229.315
204,mario,111.24,159.99,126.66,175.82,167.905,118.94999999999999
204,box,21.58,144.05,37.0,159.09,151.57,29.29
204,box,86.49,144.16,165.57,158.76,151.45999999999998,126.03
204,box,117.98,80.05,133.0,95.11,87.58,125.49000000000001
205,pipe,212.05,176.06,242.81,207.48,191.76999999999998,227.43
205,box,115.88,80.04,130.99,95.08,87.56,123.435
205,box,19.61,144.03,34.97,159.08,151.555,27.29
205,box,83.44,144.22,164.21,158.76,151.49,123.825
205,mario,111.19,161.27,126.63,176.79,169.03,118.91
206,pipe,210.73,176.08,241.97,207.47,191.775,226.35
206,box,18.52,144.05,34.04,159.1,151.575,26.28
206,mario,111.04,163.11,126.7,178.8,170.955,118.87
206,box,114.98,80.05,130.05,95.11,87.58,122.51500000000001
206,box,82.82,144.19,162.25,158.74,151.465,122.535
207,pipe,209.01,176.06,239.6,207.47,191.765,224.305
207,box,16.71,144.03,31.99,159.08,151.555,24.35
207,box,80.31,144.21,161.03,158.66,151.435,120.67
207,box,113.51,80.02,127.99,95.09,87.555,120.75
207,mario,111.06,165.16,126.64,180.74,172.95,118.85
208,pipe,206.84,176.09,238.11,207.39,191.74,222.47500000000002
208,box,79.3,144.21,158.39,158.77,151.49,118.845
208,box,14.61,144.06,29.96,159.04,151.55,22.285
208,box,111.32,80.06,125.94,95.08,87.57,118.63
208,mario,111.27,167.17,126.55,182.81,174.99,118.91
209,pipe,204.91,176.07,235.92,207.45,191.76,220.415
209,box,12.58,144.04,28.05,159.08,151.56,20.315
209,box,109.18,80.04,124.08,95.11,87.575,116.63
209,mario,111.23,170.09,126.59,185.78,177.935,118.91
209,box,76.91,144.23,156.43,158.78,151.505,116.67
210,pipe,203.77,176.09,235.13,207.43,191.76,219.45
210,box,11.71,144.06,26.92,159.05,151.555,19.315
210,box,108.32,80.06,122.93,95.09,87.575,115.625
210,box,75.27,144.19,155.84,158.78,151.485,115.555
210,mario,111.12,174.13,126.6,189.75,181.94,118.86
211,pipe,202.03,176.06,232.72,207.45,191.755,217.375
211,box,9.63,144.04,25.04,159.08,151.56,17.335
211,box,106.23,80.04,121.09,95.1,87.57,113.66
211,box,73.82,144.19,153.51,158.8,151.495,113.66499999999999
211,mario,111.32,177.96,126.7,193.73,185.845,119.00999999999999
212,pipe,199.9,176.06,230.88,207.48,191.76999999999998,215.39
212,box,71.46,144.22,151.79,158.8,151.51,111.625
212,box,104.02,80.03,118.98,95.13,87.58,111.5
212,box,7.67,144.03,23.0,159.14,151.58499999999998,15.335
212,mario,111.86,183.15,126.63,198.74,190.945,119.245
213,pipe,197.7,176.09,229.0,207.48,191.785,213.35
213,mario,111.98,187.95,126.68,203.84,195.89499999999998,119.33000000000001
213,box,101.89,80.06,116.97,95.1,87.58,109.43
213,box,5.56,144.05,20.97,159.09,151.57,13.264999999999999
213,box,69.78,144.2,149.52,158.81,151.505,109.65
214,pipe,196.94,176.08,228.36,207.41,191.745,212.65
214,box,4.58,144.04,20.04,159.13,151.58499999999998,12.309999999999999
214,box,68.57,144.23,148.88,158.77,151.5,108.725
214,mario,114.48,192.23,125.63,206.92,199.575,120.055
214,box,101.06,80.02,115.99,95.12,87.57,108.525
215,pipe,194.69,176.08,225.82,207.46,191.77,210.255
215,box,2.56,144.05,18.06,159.09,151.57,10.309999999999999
215,box,99.08,80.05,114.08,95.11,87.58,106.58
215,box,67.84,144.19,146.72,158.83,151.51,107.28
215,mario,114.46,193.43,125.22,207.26,200.345,119.84
216,pipe,192.99,176.06,223.74,207.49,191.775,208.365
216,box,0.75,144.04,15.97,159.08,151.56,8.36
216,box,97.32,80.03,111.95,95.08,87.555,104.63499999999999
216,box,64.51,144.23,145.27,158.8,151.515,104.89000000000001
216,mario,112.16,192.3,125.0,207.26,199.78,118.58
217,pipe,189.98,176.06,220.63,207.48,191.76999999999998,205.305
217,box,94.1,80.08,108.98,95.05,87.565,101.53999999999999
217,mario,112.14,192.29,124.86,207.39,199.83999999999997,118.5
217,box,60.68,144.21,142.29,158.76,151.485,101.485
217,box,0.0,144.11,12.94,158.96,151.53500000000003,6.47
218,pipe,187.83,176.09,219.05,207.47,191.78,203.44
218,box,0.0,144.1,10.99,158.96,151.53,5.495
218,box,91.74,80.11,106.96,95.02,87.565,99.35
218,box,60.52,144.2,139.71,158.84,151.51999999999998,100.11500000000001
218,mario,114.44,192.34,125.61,207.17,199.755,120.025
219,pipe,186.03,176.07,216.92,207.45,191.76,201.475
219,box,89.6,80.1,105.08,95.07,87.585,97.34
219,box,0.0,144.1,9.07,158.96,151.53,4.535
219,mario,112.37,187.22,125.24,201.81,194.515,118.805
219,box,57.71,144.23,138.55,158.84,151.535,98.13000000000001
220,pipe,183.17,176.06,213.68,207.42,191.74,198.425
220,box,86.91,80.1,102.1,95.06,87.58,94.505
220,box,54.57,144.2,135.46,158.78,151.49,95.015
220,mario,112.13,181.14,126.03,196.35,188.745,119.08
220,box,0.21,143.99,6.08,158.94,151.465,3.145
221,box,53.02,144.21,132.82,158.82,151.515,92.92
221,mario,111.73,175.04,126.71,190.72,182.88,119.22
221,box,85.06,80.07,99.95,95.09,87.58,92.505
221,pipe,180.89,176.06,211.88,207.4,191.73000000000002,196.385
221,box,0.17,144.05,4.05,159.01,151.53,2.11
222,pipe,177.92,176.09,209.32,207.38,191.735,193.62
222,box,48.96,144.2,129.84,158.79,151.495,89.4
222,box,82.16,80.1,96.97,95.02,87.56,89.565
222,mario,111.39,170.11,126.61,185.74,177.925,119.0
223,pipe,175.98,176.07,206.78,207.47,191.76999999999998,191.38
223,box,80.11,80.1,95.14,95.09,87.595,87.625
223,box,48.36,144.17,127.78,158.82,151.495,88.07
223,mario,111.06,165.15,126.63,180.6,172.875,118.845
224,pipe,174.06,176.06,204.77,207.51,191.785,189.41500000000002
224,box,77.66,80.09,92.94,95.06,87.575,85.3
224,box,45.42,144.21,126.1,158.8,151.505,85.75999999999999
224,mario,111.35,160.0,126.67,175.75,167.875,119.00999999999999
225,box,75.59,79.99,90.0,95.01,87.5,82.795
225,mario,111.58,156.02,126.66,172.68,164.35000000000002,119.12
225,box,41.97,144.19,123.02,158.77,151.48000000000002,82.495
225,pipe,170.97,176.06,201.71,207.43,191.745,186.34
226,pipe,167.94,176.06,198.8,207.45,191.755,183.37
226,box,39.4,144.15,120.08,158.81,151.48000000000002,79.74
226,box,72.54,79.98,86.95,95.03,87.505,79.745
226,mario,111.65,156.75,126.69,172.71,164.73000000000002,119.17
227,pipe,165.82,176.09,196.97,207.47,191.78,181.39499999999998
227,box,70.69,80.0,85.06,95.01,87.505,77.875
227,mario,111.7,158.03,126.69,173.71,165.87,119.195
227,box,36.97,144.11,116.84,158.82,151.465,76.905
228,pipe,162.92,176.08,193.82,207.48,191.78,178.37
228,mario,112.04,159.97,126.69,175.81,167.89,119.36500000000001
228,box,67.59,79.99,82.11,95.03,87.50999999999999,74.85
228,box,34.97,144.07,114.63,158.9,151.485,74.8
229,pipe,160.0,176.08,190.94,207.47,191.775,175.47
229,box,64.44,80.01,79.05,95.03,87.52000000000001,71.745
229,mario,111.89,162.89,126.74,178.76,170.825,119.315
229,box,31.7,144.09,107.66,158.92,151.505,69.67999999999999
230,pipe,157.18,176.07,187.7,207.43,191.75,172.44
230,box,61.46,80.0,76.14,95.02,87.50999999999999,68.8
230,mario,111.81,166.98,126.53,182.8,174.89,119.17
230,box,27.88,144.03,108.54,158.88,151.45499999999998,68.21000000000001
231,pipe,154.21,176.07,184.82,207.45,191.76,169.515
231,box,58.41,80.01,73.12,95.02,87.515,65.765
231,mario,111.59,170.67,126.64,186.78,178.725,119.11500000000001
231,box,24.83,144.06,105.65,158.86,151.46,65.24000000000001
232,pipe,151.23,176.06,181.65,207.47,191.765,166.44
232,mario,111.51,175.76,126.64,191.8,183.78,119.075
232,box,55.43,80.01,70.18,95.01,87.51,62.80500000000001
232,box,21.06,144.08,101.12,158.87,151.47500000000002,61.09
233,pipe,148.19,176.06,178.76,207.47,191.765,163.475
233,mario,111.56,181.74,126.71,197.87,189.805,119.13499999999999
233,box,51.52,80.1,67.02,95.05,87.57499999999999,59.269999999999996
233,box,19.81,144.19,99.91,158.8,151.495,59.86
234,pipe,145.09,176.07,175.58,207.49,191.78,160.335
234,box,48.81,80.1,64.02,95.05,87.57499999999999,56.415
234,mario,111.51,186.8,126.56,202.9,194.85000000000002,119.035
234,box,16.26,144.18,97.1,158.77,151.47500000000002,56.68
235,pipe,141.98,176.06,172.69,207.52,191.79000000000002,157.33499999999998
235,box,45.67,80.09,60.93,95.06,87.575,53.3
235,mario,111.31,191.7,126.65,207.73,199.71499999999997,118.98
235,box,13.94,144.22,94.27,158.8,151.51,54.105
236,box,42.77,80.08,58.02,95.07,87.57499999999999,50.395
236,mario,114.12,192.14,125.56,206.81,199.475,119.84
236,box,10.31,144.24,91.1,158.78,151.51,50.705
236,pipe,138.86,176.06,169.72,207.51,191.785,154.29000000000002
237,pipe,136.61,176.09,167.99,207.55,191.82,152.3
237,box,40.7,80.11,55.98,95.04,87.575,48.34
237,box,10.12,144.19,89.03,158.85,151.51999999999998,49.575
237,mario,114.14,192.19,125.62,206.79,199.49,119.88
238,pipe,134.84,176.06,165.88,207.51,191.785,150.36
238,box,38.4,80.09,54.06,95.06,87.575,46.230000000000004
238,box,7.48,144.25,87.57,158.85,151.55,47.525
238,mario,114.37,193.31,125.56,207.42,200.365,119.965
239,box,36.62,80.08,52.03,95.09,87.58500000000001,44.325
239,pipe,132.76,176.08,164.39,207.49,191.78500000000003,148.575
239,mario,112.18,192.19,125.43,207.29,199.74,118.805
239,box,5.2,144.24,85.08,158.81,151.525,45.14
240,pipe,130.35,176.07,161.81,207.54,191.805,146.07999999999998
240,mario,112.23,188.07,126.82,203.88,195.975,119.525
240,box,34.68,80.1,50.1,95.08,87.59,42.39
240,box,4.72,144.19,83.39,158.85,151.51999999999998,44.055
241,pipe,129.66,176.07,160.84,207.43,191.75,145.25
241,box,3.65,144.25,81.82,158.83,151.54000000000002,42.735
241,mario,112.18,183.14,127.13,198.69,190.915,119.655
241,box,33.7,80.04,48.99,95.13,87.58500000000001,41.345
242,pipe,126.91,176.08,158.98,207.49,191.78500000000003,142.945
242,box,31.79,80.05,47.05,95.09,87.57,39.42
242,mario,112.2,179.23,126.97,194.68,186.95499999999998,119.58500000000001
242,box,2.26,144.23,80.06,158.88,151.555,41.160000000000004
243,box,29.85,80.03,44.99,95.09,87.56,37.42
243,mario,112.24,176.26,126.75,191.66,183.95999999999998,119.495
243,box,0.22,144.25,78.18,158.8,151.525,39.2
243,pipe,126.6,176.06,157.13,207.45,191.755,141.865
244,pipe,125.28,176.06,155.76,207.49,191.775,140.51999999999998
244,box,28.73,80.04,44.1,95.09,87.565,36.415
244,mario,111.21,173.24,125.7,188.67,180.95499999999998,118.455
244,box,0.45,144.24,77.41,158.83,151.53500000000003,38.93
245,pipe,125.27,176.06,155.76,207.49,191.775,140.515
245,box,28.73,80.04,44.1,95.09,87.565,36.415
245,mario,111.2,170.24,125.63,185.68,177.96,118.41499999999999
245,box,0.44,144.24,77.4,158.83,151.53500000000003,38.92
246,pipe,125.26,176.06,155.77,207.48,191.76999999999998,140.51500000000001
246,box,28.73,80.04,44.1,95.09,87.565,36.415
246,mario,111.17,168.14,125.67,183.78,175.95999999999998,118.42
246,box,0.41,144.24,77.39,158.83,151.53500000000003,38.9
247,pipe,125.63,176.06,155.76,207.48,191.76999999999998,140.695
247,box,28.74,80.04,44.1,95.09,87.565,36.42
247,mario,112.15,167.13,126.68,182.84,174.985,119.415
247,box,0.43,144.24,77.38,158.83,151.53500000000003,38.905
248,pipe,125.5,176.06,155.77,207.49,191.775,140.635
248,box,28.74,80.04,44.1,95.09,87.565,36.42
248,mario,112.18,165.97,126.66,181.84,173.905,119.42
248,box,0.46,144.23,77.38,158.83,151.53,38.919999999999995
249,pipe,125.5,176.06,155.77,207.49,191.775,140.635
249,box,28.74,80.04,44.1,95.09,87.565,36.42
249,mario,112.18,165.97,126.66,181.84,173.905,119.42
249,box,0.46,144.23,77.38,158.83,151.53,38.919999999999995
250,pipe,125.63,176.06,155.76,207.48,191.76999999999998,140.695
250,box,28.74,80.04,44.1,95.09,87.565,36.42
250,mario,112.15,167.13,126.68,182.84,174.985,119.415
250,box,0.43,144.24,77.38,158.83,151.53500000000003,38.905
251,pipe,125.61,176.06,155.76,207.49,191.775,140.685
251,box,28.73,80.04,44.1,95.09,87.565,36.415
251,mario,112.18,168.1,126.7,183.87,175.985,119.44
251,box,0.44,144.24,77.4,158.83,151.53500000000003,38.92
252,pipe,125.19,176.06,155.76,207.48,191.76999999999998,140.475
252,box,28.73,80.04,44.1,95.09,87.565,36.415
252,mario,111.23,169.23,125.58,184.72,176.975,118.405
252,box,0.42,144.24,77.41,158.83,151.53500000000003,38.915
253,pipe,125.26,176.05,155.76,207.49,191.77,140.51
253,box,28.73,80.04,44.1,95.09,87.565,36.415
253,mario,111.25,172.23,125.61,187.66,179.945,118.43
253,box,0.45,144.24,77.41,158.83,151.53500000000003,38.93
254,pipe,125.24,176.06,155.76,207.49,191.775,140.5
254,box,28.73,80.04,44.1,95.09,87.565,36.415
254,mario,111.16,174.21,125.78,189.68,181.945,118.47
254,box,0.45,144.24,77.41,158.83,151.53500000000003,38.93
255,pipe,125.42,176.06,155.76,207.48,191.76999999999998,140.59
255,box,28.73,80.04,44.1,95.09,87.565,36.415
255,mario,111.18,177.22,125.87,192.61,184.91500000000002,118.525
255,box,0.46,144.24,77.39,158.83,151.53500000000003,38.925
256,pipe,124.49,176.05,155.79,207.49,191.77,140.14
256,box,28.73,80.04,44.1,95.09,87.565,36.415
256,box,0.43,144.25,77.37,158.83,151.54000000000002,38.900000000000006
256,mario,111.21,181.17,125.76,196.64,188.90499999999997,118.485
257,pipe,124.51,176.06,155.77,207.58,191.82,140.14000000000001
257,box,28.74,80.04,44.1,95.09,87.565,36.42
257,mario,111.23,186.19,125.88,201.74,193.965,118.555
257,box,0.49,144.25,77.37,158.84,151.54500000000002,38.93
258,pipe,124.44,176.07,155.77,207.57,191.82,140.10500000000002
258,box,28.75,80.04,44.1,95.09,87.565,36.425
258,mario,111.38,191.1,125.62,206.55,198.825,118.5
258,box,0.45,144.25,77.36,158.84,151.54500000000002,38.905
259,pipe,124.74,176.07,155.77,207.59,191.82999999999998,140.255
259,box,28.74,80.04,44.1,95.09,87.565,36.42
259,box,0.45,144.25,77.33,158.84,151.54500000000002,38.89
259,mario,113.43,193.38,124.33,207.48,200.43,118.88
260,pipe,124.52,176.07,155.77,207.58,191.825,140.145
260,box,28.75,80.04,44.1,95.09,87.565,36.425
260,mario,111.28,188.23,125.8,203.8,196.015,118.53999999999999
260,box,0.48,144.25,77.36,158.84,151.54500000000002,38.92
261,pipe,124.42,176.06,155.78,207.52,191.79000000000002,140.1
261,box,28.74,80.04,44.1,95.09,87.565,36.42
261,mario,111.21,183.22,125.74,198.62,190.92000000000002,118.475
261,box,0.46,144.25,77.37,158.83,151.54000000000002,38.915
262,pipe,124.98,176.06,155.77,207.48,191.76999999999998,140.375
262,mario,111.21,179.19,125.78,194.6,186.89499999999998,118.495
262,box,28.73,80.04,44.1,95.09,87.565,36.415
262,box,0.46,144.24,77.39,158.83,151.53500000000003,38.925
263,pipe,125.28,176.06,155.76,207.49,191.775,140.51999999999998
263,box,28.73,80.04,44.1,95.09,87.565,36.415
263,mario,111.27,175.22,125.66,190.66,182.94,118.465
263,box,0.45,144.24,77.4,158.83,151.53500000000003,38.925000000000004
264,pipe,125.26,176.05,155.76,207.49,191.77,140.51
264,box,28.73,80.04,44.1,95.09,87.565,36.415
264,mario,111.25,172.23,125.61,187.66,179.945,118.43
264,box,0.45,144.24,77.41,158.83,151.53500000000003,38.93
265,pipe,125.19,176.06,155.76,207.48,191.76999999999998,140.475
265,box,28.67,80.1,44.14,95.07,87.585,36.405
265,mario,111.23,169.23,125.58,184.72,176.975,118.405
265,box,0.21,144.24,77.53,158.85,151.54500000000002,38.87
266,pipe,125.61,176.06,155.76,207.48,191.76999999999998,140.685
266,box,28.68,80.1,44.14,95.07,87.585,36.41
266,mario,112.18,168.1,126.7,183.87,175.985,119.44
266,box,0.22,144.24,77.53,158.85,151.54500000000002,38.875
267,pipe,125.5,176.06,155.77,207.49,191.775,140.635
267,box,28.69,80.1,44.14,95.07,87.585,36.415
267,mario,112.18,165.97,126.66,181.84,173.905,119.42
267,box,0.2,144.23,77.52,158.85,151.54,38.86
268,pipe,125.5,176.06,155.77,207.49,191.775,140.635
268,box,28.69,80.1,44.14,95.07,87.585,36.415
268,mario,112.18,165.97,126.66,181.84,173.905,119.42
268,box,0.2,144.23,77.52,158.85,151.54,38.86
269,pipe,125.5,176.06,155.77,207.49,191.775,140.635
269,box,28.69,80.1,44.14,95.07,87.585,36.415
269,mario,112.18,165.97,126.66,181.84,173.905,119.42
269,box,0.2,144.23,77.52,158.85,151.54,38.86
270,pipe,125.63,176.06,155.77,207.48,191.76999999999998,140.7
270,box,28.68,80.1,44.14,95.07,87.585,36.41
270,mario,112.15,167.13,126.68,182.84,174.985,119.415
270,box,0.21,144.24,77.52,158.85,151.54500000000002,38.864999999999995
271,pipe,125.61,176.06,155.76,207.48,191.76999999999998,140.685
271,box,28.68,80.1,44.14,95.07,87.585,36.41
271,mario,112.18,168.1,126.7,183.87,175.985,119.44
271,box,0.22,144.24,77.53,158.85,151.54500000000002,38.875
272,pipe,125.36,176.06,155.76,207.49,191.775,140.56
272,box,28.68,80.1,44.14,95.07,87.585,36.41
272,mario,111.17,171.18,125.77,186.69,178.935,118.47
272,box,0.25,144.24,77.54,158.85,151.54500000000002,38.895
273,pipe,125.29,176.06,155.76,207.49,191.775,140.525
273,box,29.34,80.0,44.14,95.02,87.50999999999999,36.74
273,mario,111.21,173.23,125.7,188.67,180.95,118.455
273,box,0.34,144.22,77.85,158.85,151.535,39.095
274,pipe,125.43,176.06,155.75,207.48,191.76999999999998,140.59
274,box,29.34,80.0,44.14,95.02,87.50999999999999,36.74
274,mario,111.18,177.21,125.87,192.61,184.91000000000003,118.525
274,box,0.33,144.22,77.86,158.85,151.535,39.095
275,pipe,124.5,176.05,155.78,207.49,191.77,140.14
275,box,29.34,80.0,44.14,95.02,87.50999999999999,36.74
275,box,0.29,144.23,77.83,158.85,151.54,39.06
275,mario,111.21,181.17,125.76,196.64,188.90499999999997,118.485
276,pipe,124.52,176.06,155.76,207.58,191.82,140.14
276,box,29.34,80.0,44.14,95.02,87.50999999999999,36.74
276,mario,111.23,186.18,125.87,201.74,193.96,118.55000000000001
276,box,0.38,144.22,77.81,158.85,151.535,39.095
277,pipe,124.44,176.07,155.77,207.57,191.82,140.10500000000002
277,box,29.35,80.0,44.14,95.02,87.50999999999999,36.745000000000005
277,mario,111.38,191.1,125.62,206.55,198.825,118.5
277,box,0.32,144.22,77.78,158.85,151.535,39.05
278,pipe,124.75,176.07,155.77,207.59,191.82999999999998,140.26
278,box,29.34,80.0,44.14,95.02,87.50999999999999,36.74
278,mario,113.43,193.37,124.33,207.48,200.425,118.88
278,box,0.34,144.23,77.77,158.85,151.54,39.055
279,pipe,124.64,176.07,155.77,207.62,191.845,140.205
279,box,29.35,80.0,44.14,95.02,87.50999999999999,36.745000000000005
279,box,0.31,144.23,77.78,158.85,151.54,39.045
279,mario,111.32,192.33,124.62,207.18,199.755,117.97
280,pipe,124.74,176.07,155.76,207.6,191.83499999999998,140.25
280,mario,112.58,192.37,124.16,207.64,200.005,118.37
280,box,29.35,80.0,44.14,95.02,87.50999999999999,36.745000000000005
280,box,0.36,144.23,77.79,158.85,151.54,39.075
281,pipe,124.52,176.07,155.77,207.58,191.825,140.145
281,box,28.69,80.1,44.14,95.07,87.585,36.415
281,mario,111.28,188.23,125.8,203.8,196.015,118.53999999999999
281,box,0.29,144.25,77.48,158.85,151.55,38.885000000000005
282,pipe,124.42,176.06,155.78,207.52,191.79000000000002,140.1
282,box,28.68,80.1,44.14,95.07,87.585,36.41
282,mario,111.21,183.22,125.74,198.62,190.92000000000002,118.475
282,box,0.26,144.25,77.49,158.85,151.55,38.875
283,pipe,124.98,176.06,155.77,207.48,191.76999999999998,140.375
283,box,28.68,80.1,44.14,95.07,87.585,36.41
283,mario,111.21,179.19,125.78,194.6,186.89499999999998,118.495
283,box,0.25,144.24,77.52,158.85,151.54500000000002,38.885
284,pipe,125.28,176.06,155.76,207.49,191.775,140.51999999999998
284,box,28.67,80.1,44.14,95.07,87.585,36.405
284,mario,111.27,175.22,125.66,190.66,182.94,118.465
284,box,0.23,144.24,77.53,158.85,151.54500000000002,38.88
285,pipe,125.26,176.05,155.76,207.49,191.77,140.51
285,box,28.67,80.1,44.14,95.07,87.585,36.405
285,mario,111.25,172.23,125.61,187.66,179.945,118.43
285,box,0.24,144.24,77.53,158.85,151.54500000000002,38.885
286,pipe,125.19,176.06,155.76,207.48,191.76999999999998,140.475
286,box,28.67,80.1,44.14,95.07,87.585,36.405
286,mario,111.23,169.23,125.58,184.72,176.975,118.405
286,box,0.21,144.24,77.53,158.85,151.54500000000002,38.87
287,pipe,125.25,176.06,155.77,207.48,191.76999999999998,140.51
287,box,28.68,80.1,44.14,95.07,87.585,36.41
287,mario,111.17,168.14,125.67,183.78,175.95999999999998,118.42
287,box,0.19,144.24,77.52,158.85,151.54500000000002,38.855
288,pipe,125.22,176.06,155.76,207.49,191.775,140.49
288,box,28.69,80.1,44.14,95.07,87.585,36.415
288,mario,111.24,165.99,125.55,181.85,173.92000000000002,118.395
288,box,0.23,144.23,77.53,158.85,151.54,38.88
289,pipe,125.22,176.06,155.76,207.49,191.775,140.49
289,mario,111.24,165.99,125.55,181.85,173.92000000000002,118.395
289,box,28.74,80.04,44.11,95.09,87.565,36.425
289,box,0.48,144.23,77.39,158.83,151.53,38.935
290,pipe,125.22,176.06,155.76,207.49,191.775,140.49
290,mario,111.24,165.99,125.55,181.85,173.92000000000002,118.395
290,box,28.74,80.04,44.11,95.09,87.565,36.425
290,box,0.48,144.23,77.39,158.83,151.53,38.935
291,pipe,125.2,176.06,155.77,207.48,191.76999999999998,140.485
291,box,28.73,80.04,44.1,95.09,87.565,36.415
291,mario,111.15,167.11,125.5,182.78,174.945,118.325
291,box,0.44,144.24,77.39,158.83,151.53500000000003,38.915
292,pipe,125.26,176.06,155.77,207.48,191.76999999999998,140.51500000000001
292,box,28.73,80.04,44.1,95.09,87.565,36.415
292,mario,111.17,168.14,125.67,183.78,175.95999999999998,118.42
292,box,0.41,144.24,77.39,158.83,151.53500000000003,38.9
293,pipe,125.36,176.06,155.76,207.49,191.775,140.56
293,box,28.73,80.04,44.1,95.09,87.565,36.415
293,mario,111.17,171.18,125.77,186.69,178.935,118.47
293,box,0.46,144.24,77.41,158.83,151.53500000000003,38.934999999999995
294,pipe,125.28,176.06,155.76,207.49,191.775,140.51999999999998
294,box,28.73,80.04,44.1,95.09,87.565,36.415
294,mario,111.21,173.24,125.7,188.67,180.95499999999998,118.455
294,box,0.45,144.24,77.41,158.83,151.53500000000003,38.93
295,pipe,125.42,176.06,155.76,207.48,191.76999999999998,140.59
295,box,28.73,80.04,44.1,95.09,87.565,36.415
295,mario,111.18,177.22,125.87,192.61,184.91500000000002,118.525
295,box,0.46,144.24,77.39,158.83,151.53500000000003,38.925
296,pipe,124.49,176.05,155.79,207.49,191.77,140.14
296,box,28.73,80.04,44.1,95.09,87.565,36.415
296,box,0.43,144.25,77.37,158.83,151.54000000000002,38.900000000000006
296,mario,111.21,181.17,125.76,196.64,188.90499999999997,118.485
297,pipe,124.51,176.06,155.77,207.58,191.82,140.14000000000001
297,box,28.74,80.04,44.1,95.09,87.565,36.42
297,mario,111.23,186.19,125.87,201.74,193.965,118.55000000000001
297,box,0.49,144.25,77.37,158.84,151.54500000000002,38.93
298,pipe,124.44,176.07,155.77,207.57,191.82,140.10500000000002
298,box,28.75,80.04,44.1,95.09,87.565,36.425
298,mario,111.38,191.1,125.62,206.55,198.825,118.5
298,box,0.45,144.25,77.36,158.84,151.54500000000002,38.905
299,pipe,124.74,176.07,155.77,207.59,191.82999999999998,140.255
299,box,28.74,80.04,44.1,95.09,87.565,36.42
299,box,0.45,144.25,77.33,158.84,151.54500000000002,38.89
299,mario,113.43,193.38,124.33,207.48,200.43,118.88
300,pipe,124.63,176.07,155.77,207.62,191.845,140.2
300,box,28.75,80.04,44.1,95.09,87.565,36.425
300,box,0.44,144.25,77.35,158.84,151.54500000000002,38.894999999999996
300,mario,111.33,192.33,124.62,207.18,199.755,117.975
